Hospital De Belfort,4.1,El Harrach,"https://www.google.com/maps/dir//P4CW%2BPRW+Hospital+De+Belfort,+El+Harrach/data=!4m6!4m5!1m1!4e2!1m2!1m1!1s0x128e5266338ba141:0x8a64ecc55b5a71b2?sa=X&ved=1t:57443&hl=en&ictx=111",Directions
Chu Maillot,3.7,Bab El Oued,"https://www.google.com/maps/dir//Q2VX%2BWRW+Chu+Maillot%D8%8C+Saint-Eugene,+Rue+de+Zighara,+Bab+El+Oued/data=!4m6!4m5!1m1!4e2!1m2!1m1!1s0x128fb3afb6fa3159:0x31bfc9cb2d689eba?sa=X&ved=1t:57443&hl=en&ictx=111",Directions
Salim Zemirli Hospital,3.6,El Harrach,"https://www.google.com/maps/dir//P43F%2B9FG+Salim+Zemirli+Hospital,+El+Harrach+16200/data=!4m6!4m5!1m1!4e2!1m2!1m1!1s0x128e52584959b0a5:0xf7a765ce7f38f2d6?sa=X&ved=1t:57443&hl=en&ictx=111",Directions
Mustapha University Hospital Center,3.6,Sidi M'Hamed,"https://www.google.com/maps/dir//Mustapha+University+Hospital+Center,+1945+Place+du+1er+Mai,+Sidi+M'Hamed+16000/data=!4m6!4m5!1m1!4e2!1m2!1m1!1s0x128fb260df364515:0xe3252415c67d7fa3?sa=X&ved=1t:57443&hl=en&ictx=111",Directions
Issad Hassani University Hospital of Beni Messous hospital,3.8,Beni Messous,"https://www.google.com/maps/dir//Issad+Hassani+University+Hospital+of+Beni+Messous+hospital%D8%8C+Rue+Ibrahim+Hadjeras+16206,+Beni+Messous/data=!4m6!4m5!1m1!4e2!1m2!1m1!1s0x128fb1ac3af0d5c7:0xd75b3fd997dbfee1?sa=X&ved=1t:57443&hl=en&ictx=111",Directions
Ben Aknoun Boukhroufa Abdelkader Hospital,3.7,Ben Aknoun,"https://www.google.com/maps/dir//Q232%2BVF2+Ben+Aknoun+Boukhroufa+Abdelkader+Hospital%D8%8C+Chemin+des+Deux+Bassins,+Ben+Aknoun+16306/data=!4m6!4m5!1m1!4e2!1m2!1m1!1s0x128fb1e596befea9:0x583b8a4292788a9d?sa=X&ved=1t:57443&hl=en&ictx=111",Directions
El Kettar Hospital,4.0,Oued Koriche,"https://www.google.com/maps/dir//El+Kettar+Hospital,+Oued+Koriche/data=!4m6!4m5!1m1!4e2!1m2!1m1!1s0x128fb25345cec53b:0x92c448e0edf53968?sa=X&ved=1t:57443&hl=en&ictx=111",Directions
Tixeraine Hospital,4.1,Draria,"https://www.google.com/maps/dir//P2FC%2BR68+Tixeraine+Hospital,+Draria/data=!4m6!4m5!1m1!4e2!1m2!1m1!1s0x128fade0fc4caa99:0x5eb7649e3c233178?sa=X&ved=1t:57443&hl=en&ictx=111",Directions
مستشفى الجزائر الكبير BIG HOSPITAL ALGERIA,,Staoueli,"https://www.google.com/maps/dir//PVM9%2BJ98+%D9%85%D8%B3%D8%AA%D8%B4%D9%81%D9%89+%D8%A7%D9%84%D8%AC%D8%B2%D8%A7%D8%A6%D8%B1+%D8%A7%D9%84%D9%83%D8%A8%D9%8A%D8%B1+BIG+HOSPITAL+ALGERIA,+2eme+Rocade+d'Alger,+Staoueli%E2%80%AD/data=!4m6!4m5!1m1!4e2!1m2!1m1!1s0x128fa530db7d0d6b:0xf315b696a3ad468f?sa=X&ved=1t:57443&hl=en&ictx=111",Directions
Birtraria Hospital,4.2,El Biar,"https://www.google.com/maps/dir//Q2FR%2B736+Birtraria+Hospital,+El+Biar+16000/data=!4m6!4m5!1m1!4e2!1m2!1m1!1s0x128fb246546eacdb:0xbeab0c6404f347a2?sa=X&ved=1t:57443&hl=en&ictx=111",Directions
Hospital Ain Taya,2.8,Aïn Taya,"https://www.google.com/maps/dir//Q7QW%2B8Q7+Hospital+Ain+Taya,+%D9%85%D8%B3%D8%AA%D8%B4%D9%81%D9%89+%D8%B9%D9%8A%D9%86+%D8%B7%D8%A7%D9%8A%D8%A9%D8%8C+A%C3%AFn+Taya%E2%80%AD/data=!4m6!4m5!1m1!4e2!1m2!1m1!1s0x128e45ad919eb0d3:0xa6c345e0b2d55d74?sa=X&ved=1t:57443&hl=en&ictx=111",Directions
Bologhine ibn ziri,4.0,El Hammamet,"https://www.google.com/maps/dir//RX6H%2B4GX+Bologhine+ibn+ziri,+El+Hammamet/data=!4m6!4m5!1m1!4e2!1m2!1m1!1s0x128fb1203fbd9161:0x56a0b370ac5f9520?sa=X&ved=1t:57443&hl=en&ictx=111",Directions
Ain Naadja Military Hospital,4.0,Kouba,"https://www.google.com/maps/dir//Ain+Naadja+Military+Hospital,+22b+St+Charles,+Kouba/data=!4m6!4m5!1m1!4e2!1m2!1m1!1s0x128fad73ba6276e3:0xec6c585c3297f398?sa=X&ved=1t:57443&hl=en&ictx=111",Directions
Hopital mayo,2.4,Bab El Oued,"https://www.google.com/maps/dir//Hopital+mayo,+hopital,+Bab+El+Oued/data=!4m6!4m5!1m1!4e2!1m2!1m1!1s0x128fb3afe9a1a4b7:0xde8f2bad76424b92?sa=X&ved=1t:57443&hl=en&ictx=111",Directions
Zeralda Hospital,3.9,Zeralda,"https://www.google.com/maps/dir//PR2V%2B468+Zeralda+Hospital,+W112,+Zeralda/data=!4m6!4m5!1m1!4e2!1m2!1m1!1s0x128fa39c035a0d9b:0x9351689406340eb6?sa=X&ved=1t:57443&hl=en&ictx=111",Directions
医院,3.0,Dély Ibrahim,"https://www.google.com/maps/dir//%E3%80%9216020+D%C3%A9ly+Ibrahim,+%E5%8C%BB%E9%99%A2/data=!4m6!4m5!1m1!4e2!1m2!1m1!1s0x128fb1cbd88de63b:0xeb573259a229295?sa=X&ved=1t:57443&hl=en&ictx=111",Directions
Eph Bachir Mentouri Kouba,3.4,Kouba,"https://www.google.com/maps/dir//P3GP%2BJM9+Eph+Bachir+Mentouri+Kouba,+Kouba/data=!4m6!4m5!1m1!4e2!1m2!1m1!1s0x128fad45e112f6f9:0x4ee48e60d62c7775?sa=X&ved=1t:57443&hl=en&ictx=111",Directions
مستشفى جيلالي رحماني,4.7,El Biar,"https://www.google.com/maps/dir//%D9%85%D8%B3%D8%AA%D8%B4%D9%81%D9%89+%D8%AC%D9%8A%D9%84%D8%A7%D9%84%D9%8A+%D8%B1%D8%AD%D9%85%D8%A7%D9%86%D9%8A,+5+Chemin+Cheikh+Bachir+El+Ibrahim,+El+Biar%E2%80%AD/data=!4m6!4m5!1m1!4e2!1m2!1m1!1s0x128fb3cf77907aed:0xd15e13eb5cfdf6b0?sa=X&ved=1t:57443&hl=en&ictx=111",Directions
Kouba hospital,3.9,Kouba,"https://www.google.com/maps/dir//P3GP%2BC89+Kouba+hospital,+Kouba/data=!4m6!4m5!1m1!4e2!1m2!1m1!1s0x128fad45d85d2971:0xfd28aa64c06cde3a?sa=X&ved=1t:57443&hl=en&ictx=111",Directions
,,,,
,,,,
Psychiatric Hospital Drid Houssin,3.1,Kouba,"https://www.google.com/maps/dir//P3QP%2BJ46+Psychiatric+Hospital+Drid+Houssin,+Kouba/data=!4m6!4m5!1m1!4e2!1m2!1m1!1s0x128fad586d13097b:0xabe4f1a48f5b4a88?sa=X&ved=1t:57443&hl=en&ictx=111",Directions
Douéra Hospital,3.7,Douéra,"https://www.google.com/maps/dir//Dou%C3%A9ra+Hospital,+Unnamed+Rd,+Dou%C3%A9ra/data=!4m6!4m5!1m1!4e2!1m2!1m1!1s0x128faf520fe94be3:0x93987c9497c393dc?sa=X&ved=1t:57443&hl=en&ictx=111",Directions
Hospital Central Army Dr Mohamed Seghir,3.7,Kouba,"https://www.google.com/maps/dir//P3C7%2BPX7+Hospital+Central+Army+Dr+Mohamed+Seghir,+St+Charles,+Kouba/data=!4m6!4m5!1m1!4e2!1m2!1m1!1s0x128fad6fee3ccef5:0x610c191e1fa72499?sa=X&ved=1t:57443&hl=en&ictx=111",Directions
cabinet de kinésitherapie et de réédaptation fonctionnelle-EL CHIFAA DRARIA,4.3,"45 Extension du Lot ""F"", DRARIA 16050, Algérie ALGERIA","https://www.google.com/maps/dir//cabinet+de+kin%C3%A9sitherapie+et+de+r%C3%A9%C3%A9daptation+fonctionnelle-EL+CHIFAA+DRARIA,+45+Extension+du+Lot+%22F%22,+DRARIA+16050,+Alg%C3%A9rie+ALGERIA,+16103/data=!4m6!4m5!1m1!4e2!1m2!1m1!1s0x128fafc02670a339:0x90a0b0a5b6436d0d?sa=X&ved=1t:57443&hl=en&ictx=111",Directions
Cnms,4.0,Bouzareah,"https://www.google.com/maps/dir//Q292%2B3J2+Cnms,+Bouzareah/data=!4m6!4m5!1m1!4e2!1m2!1m1!1s0x128fb18dc0000001:0x687c8447e15bd63d?sa=X&ved=1t:57443&hl=en&ictx=111",Directions
N,,Bir Mourad Raïs,"https://www.google.com/maps/dir//N,+Bir+Mourad+Ra%C3%AFs/data=!4m6!4m5!1m1!4e2!1m2!1m1!1s0x128fad80f6d66a7b:0x876ce64a6c4afba2?sa=X&ved=1t:57443&hl=en&ictx=111",Directions
Hopital Militaire Universitaire Specialisé,4.2,Staoueli,"https://www.google.com/maps/dir//PVMQ%2B4HJ+Hopital+Militaire+Universitaire+Specialis%C3%A9,+Staoueli/data=!4m6!4m5!1m1!4e2!1m2!1m1!1s0x128fa4db22acb6d1:0xa0855f733e87d518?sa=X&ved=1t:57443&hl=en&ictx=111",Directions
National Security Hospital Les Glycines,4.2,El Biar,"https://www.google.com/maps/dir//National+Security+Hospital+Les+Glycines,+12+Chem.+des+Glycines,+El+Biar/data=!4m6!4m5!1m1!4e2!1m2!1m1!1s0x128fb26eebf0d9d5:0xf0087d54e37ce829?sa=X&ved=1t:57443&hl=en&ictx=111",Directions
Ali Ait Idir Neurosurgery Hospital,3.8,"Q3P5+X7M, Rpe Louni Arezki","https://www.google.com/maps/dir//Q3P5%2BX7M+Ali+Ait+Idir+Neurosurgery+Hospital,+Rpe+Louni+Arezki/data=!4m6!4m5!1m1!4e2!1m2!1m1!1s0x128fb30072523669:0xa477d103acf9cc3b?sa=X&ved=1t:57443&hl=en&ictx=111",Directions
Maternity Pole Clinical Al Azhar,3.8,Dély Ibrahim,"https://www.google.com/maps/dir//Maternity+Pole+Clinical+Al+Azhar,+04+Djenan+Achabou,+D%C3%A9ly+Ibrahim+16020/data=!4m6!4m5!1m1!4e2!1m2!1m1!1s0x128fb1ece8bfd86f:0xab79dfc042a88e8b?sa=X&ved=1t:57443&hl=en&ictx=111",Directions
Hopital de Rouiba,3.1,Rouiba,"https://www.google.com/maps/dir//Hopital+de+Rouiba,+H%C3%B4pital+de+rouiba,+Rouiba/data=!4m6!4m5!1m1!4e2!1m2!1m1!1s0x128e5acce3e089ef:0x217e46c89fd7a650?sa=X&ved=1t:57443&hl=en&ictx=111",Directions
Hôpital De Thénia مستشفى الثنية,3.2,Thénia,"https://www.google.com/maps/dir//H%C3%B4pital+De+Th%C3%A9nia+%D9%85%D8%B3%D8%AA%D8%B4%D9%81%D9%89+%D8%A7%D9%84%D8%AB%D9%86%D9%8A%D8%A9,+05+Rue+Mohamed+Khemisti,+Th%C3%A9nia+35005%E2%80%AD/data=!4m6!4m5!1m1!4e2!1m2!1m1!1s0x128e65626770c555:0xec5392d5bdf9af10?sa=X&ved=1t:57443&hl=en&ictx=111",Directions
Cnms urgences cardiovasculaires,4.2,Dély Ibrahim,"https://www.google.com/maps/dir//Q292%2B65P+Cnms+urgences+cardiovasculaires,+Rue+1er+Novembre,+D%C3%A9ly+Ibrahim/data=!4m6!4m5!1m1!4e2!1m2!1m1!1s0x128fb195ad85015d:0xd78364dd1697ed13?sa=X&ved=1t:57443&hl=en&ictx=111",Directions
Hospital Chahids Mahmoudi,3.8,Tizi Ouzou,"https://www.google.com/maps/dir//Hospital+Chahids+Mahmoudi,+1+Bd+Krim+Belkacem,+Tizi+Ouzou+15000/data=!4m6!4m5!1m1!4e2!1m2!1m1!1s0x128dc811ed9141e9:0x92786aae07ed827d?sa=X&ved=1t:57443&hl=en&ictx=111",Directions
polyclinique Bordj el kiffan,1.6,Bordj El Kiffan,"https://www.google.com/maps/dir//P5XW%2B4F5+polyclinique+Bordj+el+kiffan,+Avenu+du+1er+Novembre,+Bordj+El+Kiffan/data=!4m6!4m5!1m1!4e2!1m2!1m1!1s0x128e4f75cb86e87f:0x215f3b56eab9c6e1?sa=X&ved=1t:57443&hl=en&ictx=111",Directions
Hopital prive SHYRAZ,4.2,Réghaïa,"https://www.google.com/maps/dir//Q82R%2B7XH+Hopital+prive+SHYRAZ,+R%C3%A9gha%C3%AFa/data=!4m6!4m5!1m1!4e2!1m2!1m1!1s0x128e4359472268af:0xdbad71082325e40?sa=X&ved=1t:57443&hl=en&ictx=111",Directions
Boufarik hospital,3.8,Boufarik,"https://www.google.com/maps/dir//HWG5%2BQW7+Boufarik+hospital,+Boufarik+09400/data=!4m6!4m5!1m1!4e2!1m2!1m1!1s0x128fa788f07ef119:0x1cf0172414061047?sa=X&ved=1t:57443&hl=en&ictx=111",Directions
Hospital Frantz Fanon Emergency Medicochirurgicales,3.8,Blida,"https://www.google.com/maps/dir//FQPV%2BH82+Hospital+Frantz+Fanon+Emergency+Medicochirurgicales,+Unnamed+Road,+Blida/data=!4m6!4m5!1m1!4e2!1m2!1m1!1s0x128f0da8a736c127:0xd3dbb9ebbeaac289?sa=X&ved=1t:57443&hl=en&ictx=111",Directions
Clinical Oncology And Radiotherapy Fatema Al Azhar,3.1,Dély Ibrahim,"https://www.google.com/maps/dir//Clinical+Oncology+And+Radiotherapy+Fatema+Al+Azhar,+Lot+265+Bois+des+Cars+3,+D%C3%A9ly+Ibrahim/data=!4m6!4m5!1m1!4e2!1m2!1m1!1s0x128fb1d25555556f:0x4cd83e559be75cd8?sa=X&ved=1t:57443&hl=en&ictx=111",Directions
,,,,
Hôpital de Meftah,4.0,Meftah,"https://www.google.com/maps/dir//H6W9%2B7QQ+H%C3%B4pital+de+Meftah,+Meftah/data=!4m6!4m5!1m1!4e2!1m2!1m1!1s0x128e570c2a3afe59:0xf56319c8ad2f8898?sa=X&ved=1t:57443&hl=en&ictx=111",Directions
Clinical El Hilal,3.7,Larbatache,"https://www.google.com/maps/dir//J9Q8%2BQ8Q+Clinical+El+Hilal,+17+route+nationale,+N29,+Larbatache/data=!4m6!4m5!1m1!4e2!1m2!1m1!1s0x128e5e9a4565633f:0x531044f0c4c81a72?sa=X&ved=1t:57443&hl=en&ictx=111",Directions
مستشفى شوفالي لأمراض القلب,4.2,Dély Ibrahim,"https://www.google.com/maps/dir//%D9%85%D8%B3%D8%AA%D8%B4%D9%81%D9%89+%D8%B4%D9%88%D9%81%D8%A7%D9%84%D9%8A+%D9%84%D8%A3%D9%85%D8%B1%D8%A7%D8%B6+%D8%A7%D9%84%D9%82%D9%84%D8%A8%D8%8C+176+Rue+d'Oran,+D%C3%A9ly+Ibrahim%E2%80%AD/data=!4m6!4m5!1m1!4e2!1m2!1m1!1s0x128fb1424027be81:0xa4c3a7f3eec7aa11?sa=X&ved=1t:57443&hl=en&ictx=111",Directions
Hôpital pedopsychiatrique Drid Hocine,5.0,Kouba,"https://www.google.com/maps/dir//P3QP%2B9R3+H%C3%B4pital+pedopsychiatrique+Drid+Hocine,+Rue+El+Hadi+BACHDJERAH,+Kouba/data=!4m6!4m5!1m1!4e2!1m2!1m1!1s0x128fadd69853ebe1:0x4eb230fff8dc21e3?sa=X&ved=1t:57443&hl=en&ictx=111",Directions
Chu De Baïnem,3.8,El Hammamet,"https://www.google.com/maps/dir//RX6H%2B4GP+Chu+De+Ba%C3%AFnem,+El+Hammamet/data=!4m6!4m5!1m1!4e2!1m2!1m1!1s0x128fb1203dc655db:0x1628a829515ed820?sa=X&ved=1t:57443&hl=en&ictx=111",Directions
Clinique Les Sources,4.4,Bir Mourad Raïs,"https://www.google.com/maps/dir//Clinique+Les+Sources,+Impasse+Gabrielle+Musette+Les+Sources,+Bir+Mourad+Ra%C3%AFs/data=!4m6!4m5!1m1!4e2!1m2!1m1!1s0x128fad78cc8518cd:0xb26a9e95f4e5519?sa=X&ved=1t:57443&hl=en&ictx=111",Directions
CPMC Centre Pierre Et Marie-Curie,4.2,M'Hamed,"https://www.google.com/maps/dir//CPMC+Centre+Pierre+Et+Marie-Curie,+Rue+Av.+Mustapha+Sayed+El+Ouali,+M'Hamed+16000/data=!4m6!4m5!1m1!4e2!1m2!1m1!1s0x128fb242bd136b6b:0x8049ab3ea5b02e34?sa=X&ved=1t:57443&hl=en&ictx=111",Directions
Polyclinique Draria Urgences H24,4.1,Draria,"https://www.google.com/maps/dir//P272%2BRJ6+Polyclinique+Draria+Urgences+H24,+Draria/data=!4m6!4m5!1m1!4e2!1m2!1m1!1s0x128fae68df6d89f3:0x995ea576dac27d4e?sa=X&ved=1t:57443&hl=en&ictx=111",Directions
University Hospital Abdelhamid Ben Badis,4.2,Constantine,"https://www.google.com/maps/dir//9JC9%2BX4J+University+Hospital+Abdelhamid+Ben+Badis,+Constantine/data=!4m6!4m5!1m1!4e2!1m2!1m1!1s0x12f17703413f3119:0xb6b0b3200cded92b?sa=X&ved=1t:57443&hl=en&ictx=111",Directions
مصطفى باشا,3.7,Sidi M'Hamed,"https://www.google.com/maps/dir//Q335%2BFF9+%D9%85%D8%B5%D8%B7%D9%81%D9%89+%D8%A8%D8%A7%D8%B4%D8%A7,+Sidi+M'Hamed%E2%80%AD/data=!4m6!4m5!1m1!4e2!1m2!1m1!1s0x128fb3c75ced6e07:0x39551ba10927544b?sa=X&ved=1t:57443&hl=en&ictx=111",Directions
Epsp Kouba Les Annassers,3.8,Kouba,"https://www.google.com/maps/dir//Epsp+Kouba+Les+Annassers,+Kouba/data=!4m6!4m5!1m1!4e2!1m2!1m1!1s0x128fad79e864ea9f:0xdc2b968c77d60888?sa=X&ved=1t:57443&hl=en&ictx=111",Directions
مستشفى رحموني الجيلالي,4.2,El Mouradia,"https://www.google.com/maps/dir//Q24Q%2B279+%D9%85%D8%B3%D8%AA%D8%B4%D9%81%D9%89+%D8%B1%D8%AD%D9%85%D9%88%D9%86%D9%8A+%D8%A7%D9%84%D8%AC%D9%8A%D9%84%D8%A7%D9%84%D9%8A%D8%8C+Unnamed+Road,+El+Mouradia%E2%80%AD/data=!4m6!4m5!1m1!4e2!1m2!1m1!1s0x128fb306ccc11f4b:0xff814b6dba7c4c87?sa=X&ved=1t:57443&hl=en&ictx=111",Directions
Clinical Nedjma 2,3.1,Bourouba,"https://www.google.com/maps/dir//Clinical+Nedjma+2,+Quatre+chemins+de+kouba,+Bourouba+16053/data=!4m6!4m5!1m1!4e2!1m2!1m1!1s0x128fad1b073887a3:0x74a3bb0bb7599c8?sa=X&ved=1t:57443&hl=en&ictx=111",Directions
Clinical Les Orangers,4.2,Rouiba,"https://www.google.com/maps/dir//P7RJ%2BP82+Clinical+Les+Orangers,+Rouiba/data=!4m6!4m5!1m1!4e2!1m2!1m1!1s0x128e4535d24b3d53:0xb9f6c951b2428c0?sa=X&ved=1t:57443&hl=en&ictx=111",Directions
Clinik Elqods,,El Mouradia,"https://www.google.com/maps/dir//P2VX%2BMJ9+Clinik+Elqods,+Rue+Mohamed+BACHOUCHE,+El+Mouradia/data=!4m6!4m5!1m1!4e2!1m2!1m1!1s0x128fb2786bcfb255:0xe178b9442008254?sa=X&ved=1t:57443&hl=en&ictx=111",Directions
Hospital Said Aouamri,,Bougaa,"https://www.google.com/maps/dir//83QV%2B756+Hospital+Said+Aouamri,+N74,+Bougaa/data=!4m6!4m5!1m1!4e2!1m2!1m1!1s0x12f32d7a91aaaaab:0x7d45a6ee0cb7c43f?sa=X&ved=1t:57443&hl=en&ictx=111",Directions
Clinique nour aures,3.9,Birtouta,"https://www.google.com/maps/dir//Clinique+nour+aures,+111+Rue+Ali+Bouhadja,+Birtouta/data=!4m6!4m5!1m1!4e2!1m2!1m1!1s0x128fa9dfa5a1908f:0xef2be044bb43b947?sa=X&ved=1t:57443&hl=en&ictx=111",Directions
مستشفى محمد بوضياف,3.1,Médéa,"https://www.google.com/maps/dir//7Q55%2BR3H+%D9%85%D8%B3%D8%AA%D8%B4%D9%81%D9%89+%D9%85%D8%AD%D9%85%D8%AF+%D8%A8%D9%88%D8%B6%D9%8A%D8%A7%D9%81,+M%C3%A9d%C3%A9a%E2%80%AD/data=!4m6!4m5!1m1!4e2!1m2!1m1!1s0x128f6ae502d5f0db:0x2f56e1c0a243d6ba?sa=X&ved=1t:57443&hl=en&ictx=111",Directions
Hospital And Maternity Grâce Medical,,oued teggour,"https://www.google.com/maps/dir//Hospital+And+Maternity+Gr%C3%A2ce+Medical,+oued+teggour+05000/data=!4m6!4m5!1m1!4e2!1m2!1m1!1s0x12f40fb4ccadb10d:0x8c77da4aef68d26d?sa=X&ved=1t:57443&hl=en&ictx=111",Directions
,,,,
Hôpital des grands brûlés,4.3,Zeralda,"https://www.google.com/maps/dir//MRXV%2B3R+H%C3%B4pital+des+grands+br%C3%BBl%C3%A9s,+Zeralda/data=!4m6!4m5!1m1!4e2!1m2!1m1!1s0x128fa36ceb7e4bcd:0x3ce52b6b7759bc26?sa=X&ved=1t:57443&hl=en&ictx=111",Directions
Clinique Chirurgicale du Val,3.4,El Biar,"https://www.google.com/maps/dir//Clinique+Chirurgicale+du+Val,+06+rue+Boufatit+p%C3%A8re+et+fils+ex,+Rue+Warot,+El+Biar/data=!4m6!4m5!1m1!4e2!1m2!1m1!1s0x128fb3e38ff6de19:0x36e14d074a45904e?sa=X&ved=1t:57443&hl=en&ictx=111",Directions
Dellys Hospital,3.6,Dellys,"https://www.google.com/maps/dir//Dellys+Hospital,+%D9%85%D8%B3%D8%AA%D8%B4%D9%81%D9%89+%D8%A8%D9%88%D8%AF%D8%A7%D9%88%D8%AF%2F%D8%B9%D9%8A%D8%A7%D8%AF%D8%A9+%D9%85%D8%AA%D8%B9%D8%AF%D8%AF%D8%A9+%D8%A7%D9%84%D8%AE%D8%AF%D9%85%D8%A7%D8%AA,+N24,+Dellys%E2%80%AD/data=!4m6!4m5!1m1!4e2!1m2!1m1!1s0x128de7c35b45e545:0x283d276c927ed433?sa=X&ved=1t:57443&hl=en&ictx=111",Directions
Hospital Sisters Bedj,3.6,Chlef,"https://www.google.com/maps/dir//585C%2BMFP+Hospital+Sisters+Bedj,+Chlef/data=!4m6!4m5!1m1!4e2!1m2!1m1!1s0x12840e85eb3e4785:0x2ae59f56e81cf53f?sa=X&ved=1t:57443&hl=en&ictx=111",Directions
Clinique Chirurgicale A - Bachir Mentouri,5.0,Sidi M'Hamed,"https://www.google.com/maps/dir//Q362%2BCJ3+Clinique+Chirurgicale+A+-+Bachir+Mentouri,+Place+du+1er+Mai,+Sidi+M'Hamed+16000/data=!4m6!4m5!1m1!4e2!1m2!1m1!1s0x128fb3fac92d422d:0x877bcc1a8756b5b6?sa=X&ved=1t:57443&hl=en&ictx=111",Directions
"Polyclinique Verdier, Epsp Beo",4.7,Bab El Oued,"https://www.google.com/maps/dir//Q2VW%2BRWC+Polyclinique+Verdier,+Epsp+Beo,+Rue+Benaissa+Amar,+Bab+El+Oued/data=!4m6!4m5!1m1!4e2!1m2!1m1!1s0x128fb3f575898041:0xc14c04cd8693e671?sa=X&ved=1t:57443&hl=en&ictx=111",Directions
Maternity Chu Nafissa Hamoud,4.3,Hussein Dey,"https://www.google.com/maps/dir//P4P4%2B48P+Maternity+Chu+Nafissa+Hamoud,+Rue+Boudjemaa+MOGHNI,+Hussein+Dey/data=!4m6!4m5!1m1!4e2!1m2!1m1!1s0x128e52af3b29b491:0x8bccc22930b0c8aa?sa=X&ved=1t:57443&hl=en&ictx=111",Directions
GHRISS Hospital,4.0,Ghriss,"https://www.google.com/maps/dir//GHRISS+Hospital%D8%8C+ETABLISSEMENT+PUBLIC+HOSPITALIER+Ghriss.+Rte+Hopital+29006,GHRISS+Mascara%D8%8C+w31,+Ghriss+29006/data=!4m6!4m5!1m1!4e2!1m2!1m1!1s0x1281cd7cc838ba6f:0x57653ea105918341?sa=X&ved=1t:57443&hl=en&ictx=111",Directions
Hospital Ain Bessem مستشفى عين بسام,3.6,Aïn Bessem,"https://www.google.com/maps/dir//7MWG%2BP69+Hospital+Ain+Bessem+%D9%85%D8%B3%D8%AA%D8%B4%D9%81%D9%89+%D8%B9%D9%8A%D9%86+%D8%A8%D8%B3%D8%A7%D9%85,+A%C3%AFn+Bessem%E2%80%AD/data=!4m6!4m5!1m1!4e2!1m2!1m1!1s0x128e9c1c4f786d3d:0x9197f77529226fdb?sa=X&ved=1t:57443&hl=en&ictx=111",Directions
Polyclinic St Claire,5.0,P3W4+JM7,https://www.google.com/maps/dir//P3W4%2BJM7+Polyclinic+St+Claire/data=!4m6!4m5!1m1!4e2!1m2!1m1!1s0x128fb33de1e9a427:0x8fbd4327c83bdb55?sa=X&ved=1t:57443&hl=en&ictx=111,Directions
Frantz Fanon Hospital,4.6,Béjaïa,"https://www.google.com/maps/dir//Q34M%2BF9W+Frantz+Fanon+Hospital,+Rue+Fr%C3%A8res+Arbouche,+B%C3%A9ja%C3%AFa+06000/data=!4m6!4m5!1m1!4e2!1m2!1m1!1s0x12f2cc9ee3182f03:0xbef19875be6d3c8a?sa=X&ved=1t:57443&hl=en&ictx=111",Directions
Blida-Joinville Psychiatric Hospital,4.0,Blida,"https://www.google.com/maps/dir//FQMW%2BCP2+Blida-Joinville+Psychiatric+Hospital,+Blida/data=!4m6!4m5!1m1!4e2!1m2!1m1!1s0x128f0ca26ac33231:0xf1641e29ac04e262?sa=X&ved=1t:57443&hl=en&ictx=111",Directions
Hospital Balwa,4.5,Tizi Ouzou,"https://www.google.com/maps/dir//P3G8%2BR36+Hospital+Balwa,+Rte+de+Irdjaoun,+Tizi+Ouzou/data=!4m6!4m5!1m1!4e2!1m2!1m1!1s0x128dc7f6c4d93131:0x8804e7da6a1e239c?sa=X&ved=1t:57443&hl=en&ictx=111",Directions
Hospital Achour Ziane,3.9,Ouled Djellal,"https://www.google.com/maps/dir//C3H5%2B6R7+Hospital+Achour+Ziane,+Rue+principale,+Ouled+Djellal/data=!4m6!4m5!1m1!4e2!1m2!1m1!1s0x128aaacac4e8beaf:0xb7392333197444?sa=X&ved=1t:57443&hl=en&ictx=111",Directions
Villa Du Traité,3.9,El Biar,"https://www.google.com/maps/dir//Q29G%2BCF2+Villa+Du+Trait%C3%A9,+El+Biar/data=!4m6!4m5!1m1!4e2!1m2!1m1!1s0x128fb2233c4366e9:0xffd89d703506ddaf?sa=X&ved=1t:57443&hl=en&ictx=111",Directions
Hospital Ibn Sina,4.1,Oum El Bouaghi,"https://www.google.com/maps/dir//V4H5%2B9GF+Hospital+Ibn+Sina,+Oum+El+Bouaghi/data=!4m6!4m5!1m1!4e2!1m2!1m1!1s0x12f0d7f606222fdb:0x1a364cb843e7dd0a?sa=X&ved=1t:57443&hl=en&ictx=111",Directions
Establishment Hospital Private Les Amandiers,3.4,Mekla,"https://www.google.com/maps/dir//P62Q%2BXJM+Establishment+Hospital+Private+Les+Amandiers,+W150,+Mekla/data=!4m6!4m5!1m1!4e2!1m2!1m1!1s0x128daff9489395eb:0xea01c82c23cbbb71?sa=X&ved=1t:57443&hl=en&ictx=111",Directions
Hospital General,3.0,Tkoutt,"https://www.google.com/maps/dir//47MR%2BG5X+Hospital+General,+Tkoutt/data=!4m6!4m5!1m1!4e2!1m2!1m1!1s0x12f42c2f569dbbf5:0x86261c7ec566e76b?sa=X&ved=1t:57443&hl=en&ictx=111",Directions
Hospital Bouzidi Lakhdar,3.4,Bordj Bou Arreridj,"https://www.google.com/maps/dir//3Q6C%2BRCJ+Hospital+Bouzidi+Lakhdar,+Bordj+Bou+Arreridj/data=!4m6!4m5!1m1!4e2!1m2!1m1!1s0x128cbc351b7daab3:0xfb38fd960928261e?sa=X&ved=1t:57443&hl=en&ictx=111",Directions
,,,,
Establishment Hospital Public,3.5,Sougueur,"https://www.google.com/maps/dir//5FPR%2BJQ6+Establishment+Hospital+Public,+W3,+Sougueur+14003/data=!4m6!4m5!1m1!4e2!1m2!1m1!1s0x128720662eb0d21d:0xb661248709ad9295?sa=X&ved=1t:57443&hl=en&ictx=111",Directions
Dispensary Djenina,,Mohammadia,"https://www.google.com/maps/dir//P5QG%2B6Q4+Dispensary+Djenina,+Mohammadia/data=!4m6!4m5!1m1!4e2!1m2!1m1!1s0x128e538844ebf92d:0x72a257d65e5da589?sa=X&ved=1t:57443&hl=en&ictx=111",Directions
D/Maachou Driss الدكتور ادريس معاشو,5.0,El Marsa,"https://www.google.com/maps/dir//9R6Q%2BM69+D%2FMaachou+Driss+%D8%A7%D9%84%D8%AF%D9%83%D8%AA%D9%88%D8%B1+%D8%A7%D8%AF%D8%B1%D9%8A%D8%B3+%D9%85%D8%B9%D8%A7%D8%B4%D9%88,+Unnamed+Road,+El+Marsa%E2%80%AD/data=!4m6!4m5!1m1!4e2!1m2!1m1!1s0x1283bdcff7a7504d:0x31d32f9d527cb6e6?sa=X&ved=1t:57443&hl=en&ictx=111",Directions
Hôpital Neurologique M'hamed Bouyaiche,3.6,Cherchell,"https://www.google.com/maps/dir//H5WG%2BV43+H%C3%B4pital+Neurologique+M'hamed+Bouyaiche,+Cherchell/data=!4m6!4m5!1m1!4e2!1m2!1m1!1s0x1285757b249b824b:0xe447997d0c3d3881?sa=X&ved=1t:57443&hl=en&ictx=111",Directions
E.h.s T.o.t Blida,3.8,Blida,"https://www.google.com/maps/dir//FQPV%2BFX5+E.h.s+T.o.t+Blida,+Unnamed+Road,+Blida/data=!4m6!4m5!1m1!4e2!1m2!1m1!1s0x128f0dd88d6bcfb3:0x8369899f1955ba4b?sa=X&ved=1t:57443&hl=en&ictx=111",Directions
Villa Magnan,4.9,El Djazair,"https://www.google.com/maps/dir//Villa+Magnan,+Ctre,+90+Didouche+Mourad+Street,+El+Djazair/data=!4m6!4m5!1m1!4e2!1m2!1m1!1s0x128fb26884bef2df:0x7f7cf1730a469949?sa=X&ved=1t:57443&hl=en&ictx=111",Directions
Hospital Mohamed Yazid,4.0,Blida,"https://www.google.com/maps/dir//FRG5%2BVX4+Hospital+Mohamed+Yazid,+Blida/data=!4m6!4m5!1m1!4e2!1m2!1m1!1s0x128f0c8faf475e81:0xfb5af0baa7766055?sa=X&ved=1t:57443&hl=en&ictx=111",Directions
Clinical Cmc Kouba,3.2,Kouba,"https://www.google.com/maps/dir//P3PQ%2BJXG+Clinical+Cmc+Kouba,+Kouba/data=!4m6!4m5!1m1!4e2!1m2!1m1!1s0x128fad50d496ff2b:0x7d5450802459622e?sa=X&ved=1t:57443&hl=en&ictx=111",Directions
Hospital Timimoun,4.2,Timimoun,"https://www.google.com/maps/dir//764M%2B9G5+Hospital+Timimoun,+N51,+Timimoun/data=!4m6!4m5!1m1!4e2!1m2!1m1!1s0x1275723d4cf19fdf:0x810fb1ee4996b3af?sa=X&ved=1t:57443&hl=en&ictx=111",Directions
Hospital Faubourg,3.5,Blida,"https://www.google.com/maps/dir//FRGM%2BQ9H+Hospital+Faubourg,+%D8%B4%D8%A7%D8%B1%D8%B9+%D9%83%D8%B1%D9%8A%D8%AA%D9%84%D9%8A+%D9%85%D8%AE%D8%AA%D8%A7%D8%B1%D8%8C+Blida%E2%80%AD/data=!4m6!4m5!1m1!4e2!1m2!1m1!1s0x128f0c6dc4ac1ae9:0x7d29e2480c6c4e15?sa=X&ved=1t:57443&hl=en&ictx=111",Directions
C C S,5.0,El Biar,"https://www.google.com/maps/dir//Q2CP%2BJW7+C+C+S,+Rue+Nassiba+Malki,+El+Biar/data=!4m6!4m5!1m1!4e2!1m2!1m1!1s0x128fb3ac38c7fed9:0x8eda9ef9defbe304?sa=X&ved=1t:57443&hl=en&ictx=111",Directions
Parnet Anapath,4.8,Hussein Dey,"https://www.google.com/maps/dir//Parnet+Anapath,+94+Rue+Boudjemaa+Moghni,+Hussein+Dey+16005/data=!4m6!4m5!1m1!4e2!1m2!1m1!1s0x128e53b093d82f43:0xf25dd051441496bc?sa=X&ved=1t:57443&hl=en&ictx=111",Directions
"Sevice de radiologie centrale, مصلحة الأشعة المركزية",3.6,Beni Messous,"https://www.google.com/maps/dir//QXHJ%2BH4M+Sevice+de+radiologie+centrale,+%D9%85%D8%B5%D9%84%D8%AD%D8%A9+%D8%A7%D9%84%D8%A3%D8%B4%D8%B9%D8%A9+%D8%A7%D9%84%D9%85%D8%B1%D9%83%D8%B2%D9%8A%D8%A9,+Beni+Messous%E2%80%AD/data=!4m6!4m5!1m1!4e2!1m2!1m1!1s0x128fb1ada668b7f3:0x266587de450d03a?sa=X&ved=1t:57443&hl=en&ictx=111",Directions
Private Hospital Naila,3.4,Djelfa,"https://www.google.com/maps/dir//M67W%2BRFF+Private+Hospital+Naila%D8%8C+Cit%C3%A9+Berbih+Bd+N%C2%B006+Lots+164+Propri%C3%A9t%C3%A9+99,+Djelfa+17000/data=!4m6!4m5!1m1!4e2!1m2!1m1!1s0x1289cf92b18d5e79:0x7517b3fbac0d60be?sa=X&ved=1t:57443&hl=en&ictx=111",Directions
Établissement Public Hospitalier Sidi Bel Abbès,3.9,Sidi Bel Abbès,"https://www.google.com/maps/dir//6999%2B94G+%C3%89tablissement+Public+Hospitalier+Sidi+Bel+Abb%C3%A8s,+Sidi+Bel+Abb%C3%A8s/data=!4m6!4m5!1m1!4e2!1m2!1m1!1s0xd7effd72bcb1d81:0x50500c61f5793671?sa=X&ved=1t:57443&hl=en&ictx=111",Directions
Hôpital Ouled Mohammed,3.3,Chlef,"https://www.google.com/maps/dir//5946%2BVX8+H%C3%B4pital+Ouled+Mohammed,+Chlef/data=!4m6!4m5!1m1!4e2!1m2!1m1!1s0x12840e1cb724781f:0xe0bb842ce53e345d?sa=X&ved=1t:57443&hl=en&ictx=111",Directions
University Hospital Nedir Mohamed De Tizi-Ouzou,3.6,Tizi Ouzou,"https://www.google.com/maps/dir//P353%2BJPP+University+Hospital+Nedir+Mohamed+De+Tizi-Ouzou,+Av.+Abane+Ramdane,+Tizi+Ouzou/data=!4m6!4m5!1m1!4e2!1m2!1m1!1s0x128dc809648eda6b:0x42e5fa4437321d99?sa=X&ved=1t:57443&hl=en&ictx=111",Directions
Clinique Nord Africa,3.3,Boghni,"https://www.google.com/maps/dir//Clinique+Nord+Africa,+Clinique+Priv%C3%A9e,+Boghni/data=!4m6!4m5!1m1!4e2!1m2!1m1!1s0x128c331896528d27:0x18c9740d69404f31?sa=X&ved=1t:57443&hl=en&ictx=111",Directions
مصحة التوفيق,4.1,Birkhadem,"https://www.google.com/maps/dir//P355%2BJJV+%D9%85%D8%B5%D8%AD%D8%A9+%D8%A7%D9%84%D8%AA%D9%88%D9%81%D9%8A%D9%82,+Birkhadem%E2%80%AD/data=!4m6!4m5!1m1!4e2!1m2!1m1!1s0x128fad03ef186737:0x1d1510f0c6b0b3a5?sa=X&ved=1t:57443&hl=en&ictx=111",Directions
,,,,
Regional Military University Hospital of Oran,4.0,Oran,"https://www.google.com/maps/dir//M8CM%2B325+Regional+Military+University+Hospital+of+Oran,+3%C3%A8me+Boulevard+P%C3%A9ripherique,+Oran/data=!4m6!4m5!1m1!4e2!1m2!1m1!1s0xd7e89462e8b2a19:0x6c72cae3c9a547dc?sa=X&ved=1t:57443&hl=en&ictx=111",Directions
Hôpital didouche mourad,4.1,Didouche Mourad,"https://www.google.com/maps/dir//H%C3%B4pital+didouche+mourad,+Alg%C3%A9rie,+Didouche+Mourad/data=!4m6!4m5!1m1!4e2!1m2!1m1!1s0x12f19da4bf8cc7c9:0xabff133d8d2c1826?sa=X&ved=1t:57443&hl=en&ictx=111",Directions
Polyclinic Ben Azouze,3.6,Koléa,"https://www.google.com/maps/dir//JQV9%2BH5M+Polyclinic+Ben+Azouze,+Ben+Azouze,+Kol%C3%A9a/data=!4m6!4m5!1m1!4e2!1m2!1m1!1s0x128f9ff36b26ab27:0x317e3534174008d8?sa=X&ved=1t:57443&hl=en&ictx=111",Directions
CLINIQUE RAHAL,4.5,Blida,"https://www.google.com/maps/dir//CLINIQUE+RAHAL,+09000,+Blida+09000/data=!4m6!4m5!1m1!4e2!1m2!1m1!1s0x128f0c71b4ad99e7:0xdb9414cb393c5bf7?sa=X&ved=1t:57443&hl=en&ictx=111",Directions
Emergency Hospital Ali Nmeur,,Merouana,"https://www.google.com/maps/dir//JWH6%2B36M+Emergency+Hospital+Ali+Nmeur,+Rue+5+juillet,+Merouana/data=!4m6!4m5!1m1!4e2!1m2!1m1!1s0x12f4710536c6623f:0xea334f559d019def?sa=X&ved=1t:57443&hl=en&ictx=111",Directions
A1 Cardiac Service - Mustapha Pasha Hospital,4.1,Sidi M'Hamed,"https://www.google.com/maps/dir//Q363%2BH9J+A1+Cardiac+Service+-+Mustapha+Pasha+Hospital,+Sidi+M'Hamed/data=!4m6!4m5!1m1!4e2!1m2!1m1!1s0x128fb261267d46db:0xf4f808328de529b3?sa=X&ved=1t:57443&hl=en&ictx=111",Directions
Chu Nedir Mohamed. Porte Principal,3.0,Tizi Ouzou,"https://www.google.com/maps/dir//P353%2BM8W+Chu+Nedir+Mohamed.+Porte+Principal,+Rue+Lamali+Ahmed,+Tizi+Ouzou/data=!4m6!4m5!1m1!4e2!1m2!1m1!1s0x128dc80bc18ba383:0xdf7c410b616b7d20?sa=X&ved=1t:57443&hl=en&ictx=111",Directions
CHU Saadna Abdenour De Sétif,3.1,Setif,"https://www.google.com/maps/dir//CHU+Saadna+Abdenour+De+S%C3%A9tif,+%D8%B4%D8%A7%D8%B1%D8%B9+%D8%A7%D8%A8%D9%86+%D8%B3%D9%8A%D9%86%D8%A7%D8%8C+Setif%E2%80%AD/data=!4m6!4m5!1m1!4e2!1m2!1m1!1s0x12f315849581b5d7:0x512d433e662962af?sa=X&ved=1t:57443&hl=en&ictx=111",Directions
Hospital D'aoulef,3.7,Aoulef,"https://www.google.com/maps/dir//X3FQ%2B873+Hospital+D'aoulef,+Aoulef/data=!4m6!4m5!1m1!4e2!1m2!1m1!1s0x12094fd097294ea5:0x7b94293189907764?sa=X&ved=1t:57443&hl=en&ictx=111",Directions
Hospital Mehdia,3.4,Mahdia,"https://www.google.com/maps/dir//Hospital+Mehdia,+Mahdia/data=!4m6!4m5!1m1!4e2!1m2!1m1!1s0x1286f6c35976ddb1:0x50fd3de9f40a2711?sa=X&ved=1t:57443&hl=en&ictx=111",Directions
Bizarre Hospital,3.3,Setif,"https://www.google.com/maps/dir//5CJ5%2B4H3+Bizarre+Hospital,+Rue+Bahri+Kheir,+Setif/data=!4m6!4m5!1m1!4e2!1m2!1m1!1s0x12f31576bce8c375:0xd242dc604bb2afac?sa=X&ved=1t:57443&hl=en&ictx=111",Directions
Clinical Sarah,3.0,Blida,"https://www.google.com/maps/dir//Clinical+Sarah,+Rue+du+11+Decembre+1960%D8%8C+Blida+09000/data=!4m6!4m5!1m1!4e2!1m2!1m1!1s0x128f0c80f120f04f:0xa49334aef85d863f?sa=X&ved=1t:57443&hl=en&ictx=111",Directions
University Hospital: Benflis Al-Tohamy,3.8,Batna,"https://www.google.com/maps/dir//University+Hospital:+Benflis+Al-Tohamy,+Route+de+Tazoult%D8%8C+Batna+05000/data=!4m6!4m5!1m1!4e2!1m2!1m1!1s0x12f41104734b4127:0x31f2980ef6398dce?sa=X&ved=1t:57443&hl=en&ictx=111",Directions
Chu Hospital,3.9,Oran,"https://www.google.com/maps/dir//M9V5%2BX3X+Chu+Hospital,+Boulevard+Doctor+Benzerdjeb,+Oran/data=!4m6!4m5!1m1!4e2!1m2!1m1!1s0xd7e8901d7408947:0xc80240b00b4ffc07?sa=X&ved=1t:57443&hl=en&ictx=111",Directions
Clinic Maternity Ben Yahia,3.3,Oran,"https://www.google.com/maps/dir//P94W%2BW5X+Clinic+Maternity+Ben+Yahia,+Oran+31000/data=!4m6!4m5!1m1!4e2!1m2!1m1!1s0xd7e88263098aa07:0xa223492ea007bedd?sa=X&ved=1t:57443&hl=en&ictx=111",Directions
Chu Dr Tidjani Damerdji,3.1,Tlemcen,"https://www.google.com/maps/dir//numero+39,+Chu+Dr+Tidjani+Damerdji,+Rue+l'arbi+ben+m'hidi,+Tlemcen+13550/data=!4m6!4m5!1m1!4e2!1m2!1m1!1s0xd78c9cab65dfc39:0x4ebc68f125ff9f78?sa=X&ved=1t:57443&hl=en&ictx=111",Directions
Clinical Slimana,3.4,Tizi Ouzou,"https://www.google.com/maps/dir//Clinical+Slimana,+Boulevard+Colonel+Mellah+Si+Cherif,+Tizi+Ouzou+15010/data=!4m6!4m5!1m1!4e2!1m2!1m1!1s0x128dc87a9eaaaaab:0xc6f1253b2b0d6ba9?sa=X&ved=1t:57443&hl=en&ictx=111",Directions
Établissement publique hopitalier HAFFID BOUDJAMAA (ELBIR),4.0,Constantine,"https://www.google.com/maps/dir//9H2V%2BJW7+%C3%89tablissement+publique+hopitalier+HAFFID+BOUDJAMAA+(ELBIR),+Constantine/data=!4m6!4m5!1m1!4e2!1m2!1m1!1s0x12f17748aeef4805:0x209cf926c5fef2d3?sa=X&ved=1t:57443&hl=en&ictx=111",Directions
مستشغى الاخوة طوبال ميلة,3.5,Mila,"https://www.google.com/maps/dir//F726%2BHXW+%D9%85%D8%B3%D8%AA%D8%B4%D8%BA%D9%89+%D8%A7%D9%84%D8%A7%D8%AE%D9%88%D8%A9+%D8%B7%D9%88%D8%A8%D8%A7%D9%84+%D9%85%D9%8A%D9%84%D8%A9,+Rte+N+N%C2%B079,+Mila%E2%80%AD/data=!4m6!4m5!1m1!4e2!1m2!1m1!1s0x12f22d36976f7b49:0x59e8e13cc77b7231?sa=X&ved=1t:57443&hl=en&ictx=111",Directions
,,,,
Hopital militaire Ali Mendjli,4.4,El Khroub,"https://www.google.com/maps/dir//6HWP%2BXJF+Hopital+militaire+Ali+Mendjli,+H%C3%B4pital+R%C3%A9gional+Militaire+Universitaire,+El+Khroub/data=!4m6!4m5!1m1!4e2!1m2!1m1!1s0x12f16fe540000001:0x81429797a5c01a3?sa=X&ved=1t:57443&hl=en&ictx=111",Directions
Regional Center Medico Surgical C.r.m.c De Blida,3.0,Blida,"https://www.google.com/maps/dir//Regional+Center+Medico+Surgical+C.r.m.c+De+Blida,+SIEGE+DE+LA+1%C3%A9re+REGION+MILITAIRE,+Unnamed+Road,+N1,+Blida+09000/data=!4m6!4m5!1m1!4e2!1m2!1m1!1s0x128f0cb5bc7b6029:0x8aaa48c6bb514e26?sa=X&ved=1t:57443&hl=en&ictx=111",Directions
Hospital Sid Othmane,3.0,766G+JW8,https://www.google.com/maps/dir//766G%2BJW8+Hospital+Sid+Othmane/data=!4m6!4m5!1m1!4e2!1m2!1m1!1s0x12757226d0381945:0x5216ac815fcd0666?sa=X&ved=1t:57443&hl=en&ictx=111,Directions
Center Médecine Nucléaire Et Scintigraphie Et Irathérapie Alzena A Pr.haffaf عيادة الطب النووي,4.8,Bordj El Kiffan,"https://www.google.com/maps/dir//Lot+33+Alzena+1,+Center+M%C3%A9decine+Nucl%C3%A9aire+Et+Scintigraphie+Et+Irath%C3%A9rapie+Alzena+A+Pr.haffaf+%D8%B9%D9%8A%D8%A7%D8%AF%D8%A9+%D8%A7%D9%84%D8%B7%D8%A8+%D8%A7%D9%84%D9%86%D9%88%D9%88%D9%8A,+57+Rue+Mohamed+Douzi,+Bordj+El+Kiffan+16031%E2%80%AD/data=!4m6!4m5!1m1!4e2!1m2!1m1!1s0x128e4f4fe02a6ea3:0x5551279399e6165a?sa=X&ved=1t:57443&hl=en&ictx=111",Directions
المستشفى,3.3,In Salah,"https://www.google.com/maps/dir//%D8%A7%D9%84%D9%85%D8%B3%D8%AA%D8%B4%D9%81%D9%89,+In+Salah%E2%80%AD/data=!4m6!4m5!1m1!4e2!1m2!1m1!1s0x1212005903561f97:0xe3c62027ee535917?sa=X&ved=1t:57443&hl=en&ictx=111",Directions
Tililan hospital bouderghouma - urgence,2.7,Adrar,"https://www.google.com/maps/dir//VPJR%2B8CX+Tililan+hospital+bouderghouma+-+urgence,+Unnamed+Road,+Adrar/data=!4m6!4m5!1m1!4e2!1m2!1m1!1s0xdf59fc00f8ff81b:0x74b712e17bd6dda7?sa=X&ved=1t:57443&hl=en&ictx=111",Directions
مستشفى,,⋅ Opens 9 AM,https://www.google.com/maps/dir//%D9%85%D8%B3%D8%AA%D8%B4%D9%81%D9%89%E2%80%AD/data=!4m6!4m5!1m1!4e2!1m2!1m1!1s0xd821f3cbdb8f599:0x98d8a1a7b552c322?sa=X&ved=1t:57443&hl=en&ictx=111,Directions